speed_percent,pwm_percent,speed
0.0,25.0,5.715
6.67,30.0,8.5725
20.0,40.0,14.3933333333333
33.33,50.0,19.8966666666667
46.67,60.0,24.6591666666667
60.0,70.0,28.6279166666667
73.33,80.0,32.86125
86.67,90.0,37.2533333333333
