speed_percent,pwm_percent,speed
0.0,25.0,5.57106666666667
6.67,30.0,8.18303333333333
20.0,40.0,13.7244666666667
33.33,50.0,19.2616666666667
46.67,60.0,22.2779166666667
60.0,70.0,24.8179166666667
73.33,80.0,26.8816666666667
86.67,90.0,30.6916666666667
